{
  "bgAlpha": 25,
  "bgStr": "5bd06912ffff4a54492c8bb8a0f34d47.jpg",
  "bgStrEInk": "#FFFFFF",
  "bgStrNight": "#000000",
  "bgType": 2,
  "bgTypeEInk": 0,
  "bgTypeNight": 0,
  "darkStatusIcon": true,
  "darkStatusIconEInk": true,
  "darkStatusIconNight": false,
  "footerMode": 0,
  "footerPaddingBottom": 27,
  "footerPaddingLeft": 17,
  "footerPaddingRight": 19,
  "footerPaddingTop": 0,
  "headerMode": 0,
  "headerPaddingBottom": 12,
  "headerPaddingLeft": 20,
  "headerPaddingRight": 25,
  "headerPaddingTop": 16,
  "letterSpacing": 0.16,
  "lineSpacingExtra": 10,
  "name": "我的",
  "paddingBottom": 6,
  "paddingLeft": 20,
  "paddingRight": 20,
  "paddingTop": 6,
  "pageAnim": 2,
  "pageAnimEInk": 3,
  "paragraphIndent": "　　",
  "paragraphSpacing": 10,
  "showFooterLine": true,
  "showHeaderLine": true,
  "textBold": 0,
  "textColor": "#ffceecfe",
  "textColorEInk": "#000000",
  "textColorNight": "#ADADAD",
  "textFont": "",
  "textSize": 22,
  "tipColor": 0,
  "tipDividerColor": -1,
  "tipFooterLeft": 1,
  "tipFooterMiddle": 0,
  "tipFooterRight": 6,
  "tipHeaderLeft": 2,
  "tipHeaderMiddle": 0,
  "tipHeaderRight": 3,
  "titleBottomSpacing": 0,
  "titleMode": 1,
  "titleSize": 10,
  "titleTopSpacing": 60,
  "underline": false
}